{"cameraMode":{"drawMode":0,"name":"Shaded","section":"Shading Mode"},"sceneLighting":true,"audioPlay":false,"sceneViewState":{"m_AlwaysRefresh":false,"showFog":true,"showSkybox":true,"showFlares":true,"showImageEffects":true,"showParticleSystems":true,"showVisualEffectGraphs":true,"m_FxEnabled":true},"in2DMode":false,"pivot":{"x":-12.07165241241455,"y":6.515721321105957,"z":0.4931344985961914},"rotation":{"x":-0.13167694211006165,"y":-0.15926624834537507,"z":0.02143983729183674,"w":-0.9781832695007324},"size":3.2790277004241945,"orthographic":false}