{"cameraMode":{"drawMode":0,"name":"Shaded","section":"Shading Mode"},"sceneLighting":true,"audioPlay":false,"sceneViewState":{"m_AlwaysRefresh":false,"showFog":true,"showSkybox":true,"showFlares":true,"showImageEffects":true,"showParticleSystems":true,"showVisualEffectGraphs":true,"m_FxEnabled":true},"in2DMode":false,"pivot":{"x":-0.9633585214614868,"y":6.379158020019531,"z":-3.2621052265167238},"rotation":{"x":-0.13167694211006165,"y":-0.15926624834537507,"z":0.02143983729183674,"w":-0.9781832695007324},"size":1.7140824794769288,"orthographic":false}